username,first,last,email
Greenlam,Sula,Wittey,swittey0@mlb.com
Aerified,Claudio,Doull,cdoull1@census.gov
Bytecard,Horton,Stacy,hstacy2@godaddy.com
Fintone,Sara-ann,Atkyns,satkyns3@nasa.gov
Konklab,Constantino,Cleminson,ccleminson4@blogtalkradio.com
Fixflex,Rochelle,Jeandel,rjeandel5@gmpg.org
Kanlam,Nell,Coundley,ncoundley6@time.com
Sub-Ex,Nadya,Curner,ncurner7@example.com
Matsoft,Eunice,Mocher,emocher8@ovh.net
Daltfresh,Ilyse,Ring,iring9@nyu.edu
Job,Bernetta,Jephcote,bjephcotea@t-online.de
Stronghold,Elisha,Shortan,eshortanb@myspace.com
Sonair,Dalt,Talboy,dtalboyc@admin.ch
Pannier,Netta,Posen,nposend@yahoo.com
Sonsing,Sibyl,Gorch,sgorche@ifeng.com
Matsoft,Reine,Jouning,rjouningf@seesaa.net
Konklab,Joshia,Hanscome,jhanscomeg@fotki.com
Keylex,Rock,Behr,rbehrh@zdnet.com
Overhold,Claretta,Chadwen,cchadweni@phpbb.com
Pannier,Maegan,Jickells,mjickellsj@google.de
Trippledex,Alberik,Eul,aeulk@mashable.com
Sonair,Angele,Itzkovici,aitzkovicil@google.de
Span,Kassie,Muckle,kmucklem@google.com.br
Veribet,Arney,Gowenlock,agowenlockn@yale.edu
Fintone,Milo,Ayshford,mayshfordo@cbslocal.com
Ventosanzap,Chrisse,New,cnewp@wired.com
Matsoft,Elita,Goodman,egoodmanq@cdbaby.com
Fix San,Angie,Eckly,aecklyr@goodreads.com
Matsoft,Forrest,Taverner,ftaverners@studiopress.com
It,Parker,Klemps,pklempst@instagram.com
Matsoft,Natala,Innett,ninnettu@wufoo.com
Biodex,Ximenez,Boulds,xbouldsv@clickbank.net
Prodder,Kristan,Pittock,kpittockw@thetimes.co.uk
Solarbreeze,Rawley,Garraway,rgarrawayx@amazon.de
Duobam,Thedrick,Littlefield,tlittlefieldy@prlog.org
Ventosanzap,Gilbertine,Hasloch,ghaslochz@prlog.org
Matsoft,Jenilee,Hradsky,jhradsky10@craigslist.org
Sonsing,Andras,Fowle,afowle11@feedburner.com
Andalax,Adolpho,Vile,avile12@yahoo.com
Tresom,Britt,Fissenden,bfissenden13@springer.com
Sonair,Marget,Hetterich,mhetterich14@bandcamp.com
Matsoft,Ferdinand,McIvor,fmcivor15@seattletimes.com
Greenlam,Reider,Sidary,rsidary16@networkadvertising.org
Bitchip,Saree,Troup,stroup17@youtube.com
Temp,Olly,Booton,obooton18@apache.org
Fixflex,Sayers,Palphreyman,spalphreyman19@squidoo.com
Prodder,Torr,Fearenside,tfearenside1a@pen.io
Ronstring,Valentine,Newcomen,vnewcomen1b@paypal.com
Lotstring,Cordie,Jodlowski,cjodlowski1c@seattletimes.com
Tresom,Goran,O'Neill,goneill1d@youku.com
Sonsing,Leon,Crottagh,lcrottagh1e@jalbum.net
Toughjoyfax,Kylila,Rispen,krispen1f@oaic.gov.au
Bigtax,Margarita,Bohling,mbohling1g@ucoz.ru
Quo Lux,Nat,Ouchterlony,nouchterlony1h@foxnews.com
Opela,Towny,Bingell,tbingell1i@addtoany.com
Toughjoyfax,Carney,Cullrford,ccullrford1j@last.fm
Mat Lam Tam,Artair,Sherbrook,asherbrook1k@aboutads.info
Otcom,Val,Glabach,vglabach1l@webs.com
Lotstring,Enrichetta,Shurmore,eshurmore1m@earthlink.net
Pannier,Kameko,Dowey,kdowey1n@histats.com
Tampflex,Rocky,Vedikhov,rvedikhov1o@hibu.com
Stronghold,Stephani,Rief,srief1p@eepurl.com
Voltsillam,Luciano,Digan,ldigan1q@linkedin.com
Sub-Ex,Luci,Keyworth,lkeyworth1r@unicef.org
Alpha,Phebe,Holgan,pholgan1s@360.cn
Greenlam,Katerine,Romao,kromao1t@aboutads.info
Bitchip,Lukas,Tolmie,ltolmie1u@buzzfeed.com
Keylex,Claudette,Flori,cflori1v@google.nl
Sonair,Evvy,Crackett,ecrackett1w@tamu.edu
Kanlam,Berri,Ricciardo,bricciardo1x@php.net
Zontrax,Lyon,Tape,ltape1y@prweb.com
Sonair,Eldin,Band,eband1z@guardian.co.uk
Treeflex,Carson,Burnie,cburnie20@4shared.com
Otcom,Brennan,Adnet,badnet21@yahoo.co.jp
Lotstring,Blakeley,Hammett,bhammett22@myspace.com
Bytecard,Shawna,Folkerd,sfolkerd23@patch.com
Matsoft,Ronica,Shilton,rshilton24@over-blog.com
Tampflex,Shaylyn,Corwood,scorwood25@discuz.net
Job,Zachery,Mapes,zmapes26@state.gov
Ventosanzap,Danita,Buckthorp,dbuckthorp27@edublogs.org
Matsoft,Dolli,Chasmer,dchasmer28@ox.ac.uk
Kanlam,Dewain,Joire,djoire29@ehow.com
Zontrax,Eran,Cadamy,ecadamy2a@ucsd.edu
Veribet,Wolfgang,Carlisle,wcarlisle2b@51.la
It,Biddie,Hutcheons,bhutcheons2c@nationalgeographic.com
Otcom,Levy,Allington,lallington2d@nationalgeographic.com
Tempsoft,Gray,Bergeau,gbergeau2e@goo.gl
Wrapsafe,Julie,Piletic,jpiletic2f@upenn.edu
Voltsillam,Harman,Wraggs,hwraggs2g@youtu.be
Flexidy,Kippy,Pledge,kpledge2h@hatena.ne.jp
Zontrax,Leone,Primmer,lprimmer2i@mit.edu
Ventosanzap,Auberon,Baddow,abaddow2j@tamu.edu
Alphazap,Chico,Hayle,chayle2k@omniture.com
Cardguard,Brucie,Newey,bnewey2l@who.int
Namfix,Lalo,Routham,lroutham2m@example.com
Lotlux,Deidre,Dummigan,ddummigan2n@linkedin.com
Domainer,Amara,Brewins,abrewins2o@arstechnica.com
Regrant,Raynard,Arnopp,rarnopp2p@dot.gov
Wrapsafe,Jenica,Blaymires,jblaymires2q@cam.ac.uk
Toughjoyfax,Adolf,Cowton,acowton2r@mapy.cz
Latlux,Gwyn,Bracchi,gbracchi2s@home.pl
Greenlam,Francesca,Standage,fstandage2t@reuters.com
Zontrax,Abby,Canning,acanning2u@senate.gov
Job,Jaine,Chidley,jchidley2v@macromedia.com
Voyatouch,Alane,Spicer,aspicer2w@meetup.com
Temp,Lynnet,Trainor,ltrainor2x@1und1.de
Ventosanzap,Alfi,Agerskow,aagerskow2y@spiegel.de
Cardguard,Denyse,Hoodless,dhoodless2z@163.com
It,Herta,Trumble,htrumble30@sohu.com
Stim,Griffith,Crat,gcrat31@house.gov
Transcof,Bev,Glencorse,bglencorse32@a8.net
Tempsoft,Ab,Iddenden,aiddenden33@twitpic.com
Sonsing,Edlin,Rickets,erickets34@163.com
Bitwolf,Risa,Hallewell,rhallewell35@free.fr
Matsoft,Essy,Clemow,eclemow36@google.de
Treeflex,Kacy,Budibent,kbudibent37@bluehost.com
Sonsing,Jena,Ruthen,jruthen38@huffingtonpost.com
Cardguard,Teresita,Janek,tjanek39@deliciousdays.com
Ronstring,Pippy,Merriday,pmerriday3a@aboutads.info
Lotlux,Birgitta,Kenwell,bkenwell3b@slideshare.net
Tempsoft,Kai,Nanuccioi,knanuccioi3c@wikispaces.com
Daltfresh,Parker,Queyos,pqueyos3d@hibu.com
Cardify,Hinze,Carnow,hcarnow3e@51.la
Alpha,Ferne,Breakwell,fbreakwell3f@cbsnews.com
Bitwolf,Howard,Frushard,hfrushard3g@usda.gov
Subin,Martelle,Oswald,moswald3h@amazon.com
Overhold,Sancho,Schelle,sschelle3i@shop-pro.jp
Fix San,Annabella,Olivi,aolivi3j@prlog.org
Konklab,Celisse,Stanner,cstanner3k@creativecommons.org
Zontrax,Emera,Jennions,ejennions3l@privacy.gov.au
Cardguard,Kesley,Blackster,kblackster3m@mail.ru
Latlux,Robinia,Wilfling,rwilfling3n@bandcamp.com
Voyatouch,Drusy,Sillito,dsillito3o@indiegogo.com
Ronstring,Jermain,Dufall,jdufall3p@de.vu
Greenlam,Aldin,Hutchinson,ahutchinson3q@privacy.gov.au
Cookley,Benita,Marqyes,bmarqyes3r@ocn.ne.jp
Namfix,Marchelle,Kleimt,mkleimt3s@linkedin.com
Fintone,Guilbert,Duley,gduley3t@alexa.com
Span,Scarlet,Sharpous,ssharpous3u@prnewswire.com
Lotstring,Dawna,Goricke,dgoricke3v@omniture.com
Keylex,Leicester,Innett,linnett3w@baidu.com
Kanlam,Sosanna,Estabrook,sestabrook3x@topsy.com
Subin,Harlene,Lacoste,hlacoste3y@reference.com
Stim,Ermin,Trevino,etrevino3z@creativecommons.org
Greenlam,Homer,Waterdrinker,hwaterdrinker40@bbc.co.uk
Konklux,Oneida,Minard,ominard41@adobe.com
Overhold,Tobiah,Drayton,tdrayton42@artisteer.com
Sub-Ex,Bartolomeo,Petrakov,bpetrakov43@usatoday.com
Stim,Tawnya,Boller,tboller44@cocolog-nifty.com
Konklux,Carlynne,Gisbourn,cgisbourn45@quantcast.com
Alpha,Gaby,Volett,gvolett46@baidu.com
Cardify,Nonna,Titmarsh,ntitmarsh47@canalblog.com
Fix San,Kerrin,Parkyn,kparkyn48@typepad.com
Gembucket,Linzy,Mayworth,lmayworth49@artisteer.com
Cookley,Fern,Dimmer,fdimmer4a@ted.com
Overhold,Eveline,Sooper,esooper4b@google.cn
Sub-Ex,Tabby,Seale,tseale4c@reuters.com
Treeflex,Nomi,Assiter,nassiter4d@storify.com
Voltsillam,Cordula,Whitebread,cwhitebread4e@creativecommons.org
Regrant,Vail,Lukacs,vlukacs4f@geocities.jp
Zaam-Dox,Wood,Bradford,wbradford4g@live.com
Konklux,Inna,Gaw,igaw4h@wp.com
Temp,Fay,Mollison,fmollison4i@usda.gov
Biodex,Langsdon,Kimbell,lkimbell4j@amazonaws.com
Pannier,Felice,Jenicek,fjenicek4k@cbc.ca
Home Ing,Inigo,Littlecote,ilittlecote4l@nationalgeographic.com
Stringtough,Welsh,Beston,wbeston4m@npr.org
Zamit,Ethelda,Sandels,esandels4n@marketwatch.com
Konklux,Kelsi,Dillinger,kdillinger4o@sina.com.cn
Zathin,Maurizio,Bortolussi,mbortolussi4p@deviantart.com
Opela,Worthington,Antonioni,wantonioni4q@nsw.gov.au
Overhold,Marcellina,Winyard,mwinyard4r@blogger.com
Duobam,Gustaf,Smithen,gsmithen4s@i2i.jp
Holdlamis,Ari,Redemile,aredemile4t@google.cn
Voyatouch,Stanwood,Shoute,sshoute4u@sfgate.com
Tres-Zap,Kenon,Topp,ktopp4v@latimes.com
Daltfresh,Iormina,Franca,ifranca4w@cbc.ca
Bytecard,Cassi,Bourcq,cbourcq4x@ted.com
Bigtax,Lauri,Lankester,llankester4y@dagondesign.com
Zathin,Parry,Bootman,pbootman4z@multiply.com
Tampflex,Pansie,Stubley,pstubley50@wunderground.com
Redhold,Floris,Pettko,fpettko51@bigcartel.com
Asoka,Mitch,Delepine,mdelepine52@yellowpages.com
Holdlamis,Barbi,Marikhin,bmarikhin53@shutterfly.com
Opela,Marcus,Sothern,msothern54@ft.com
Flowdesk,Thia,Toffanini,ttoffanini55@examiner.com
Treeflex,Lauren,Heartfield,lheartfield56@bloglovin.com
Bamity,Munmro,Torr,mtorr57@dmoz.org
Ventosanzap,Codie,Ellaman,cellaman58@cocolog-nifty.com
Flowdesk,Kelsey,Allenby,kallenby59@unesco.org
Job,Loydie,La Padula,llapadula5a@eepurl.com
Stronghold,Claiborn,Druett,cdruett5b@paginegialle.it
Veribet,Bil,Sooper,bsooper5c@yale.edu
Alpha,Molly,Cicculi,mcicculi5d@weibo.com
Zontrax,Magdaia,Digg,mdigg5e@hibu.com
Flexidy,Bettina,Haulkham,bhaulkham5f@gizmodo.com
Kanlam,Adrianne,Fynn,afynn5g@wp.com
Konklux,Edy,Farlow,efarlow5h@ftc.gov
Bitchip,Berenice,O'Carran,bocarran5i@gizmodo.com
Prodder,Ruthe,Mortimer,rmortimer5j@squarespace.com
Zontrax,Agathe,Bowhey,abowhey5k@dailymail.co.uk
Job,Asia,Ascroft,aascroft5l@yellowbook.com
Redhold,Emile,Yearns,eyearns5m@imdb.com
Lotstring,Dolorita,McEwan,dmcewan5n@amazon.de
Alpha,Chastity,Hebson,chebson5o@techcrunch.com
Sub-Ex,Patti,Crosi,pcrosi5p@comsenz.com
Konklab,Anetta,Laity,alaity5q@pinterest.com
Biodex,Clarance,Bummfrey,cbummfrey5r@newsvine.com
Toughjoyfax,Brucie,Crimp,bcrimp5s@berkeley.edu
Home Ing,Clementina,Aldwick,caldwick5t@mozilla.org
Andalax,Borden,Durrett,bdurrett5u@alexa.com
Ronstring,Morrie,Brownell,mbrownell5v@eventbrite.com
Tempsoft,Ephrem,Oosthout de Vree,eoosthoutdevree5w@craigslist.org
Bamity,Zerk,Popplestone,zpopplestone5x@friendfeed.com
Y-find,Pru,Olczyk,polczyk5y@pagesperso-orange.fr
Alphazap,Raquel,Fawcitt,rfawcitt5z@smugmug.com
Y-Solowarm,Dur,Bertelsen,dbertelsen60@hc360.com
Lotlux,Dame,Hourston,dhourston61@businesswire.com
Zaam-Dox,Monte,Lehmann,mlehmann62@google.pl
Tresom,Wilton,Danzig,wdanzig63@nydailynews.com
Subin,Devin,Petrus,dpetrus64@ft.com
Konklux,Reggis,Bednall,rbednall65@mozilla.com
Keylex,Ingamar,Adamiak,iadamiak66@mashable.com
Treeflex,Pandora,Lohden,plohden67@weather.com
Kanlam,Brennan,Barron,bbarron68@forbes.com
Regrant,Mufi,Copozio,mcopozio69@loc.gov
Bitwolf,Dorelle,Littlepage,dlittlepage6a@washington.edu
Mat Lam Tam,Kaile,Moors,kmoors6b@foxnews.com
Cardguard,Gallard,Lyvon,glyvon6c@about.com
Zamit,Druci,Brittan,dbrittan6d@state.gov
Sonsing,Garnette,Janowski,gjanowski6e@hud.gov
Duobam,Timmie,Piola,tpiola6f@chronoengine.com
Gembucket,Viviyan,Studd,vstudd6g@huffingtonpost.com
Rank,Alano,De Simoni,adesimoni6h@forbes.com
Tampflex,Shelton,Pull,spull6i@google.nl
Hatity,Malchy,Tantum,mtantum6j@shop-pro.jp
Asoka,Lorens,Sieve,lsieve6k@acquirethisname.com
Alpha,Jaye,Langmaid,jlangmaid6l@disqus.com
Lotlux,Cassondra,Sibson,csibson6m@1und1.de
Tresom,Omar,Devereux,odevereux6n@constantcontact.com
Redhold,Essie,Gazey,egazey6o@tiny.cc
Lotlux,Lemmie,Tuffield,ltuffield6p@accuweather.com
Zathin,Marnia,Kuschke,mkuschke6q@altervista.org
Daltfresh,Henriette,Vero,hvero6r@themeforest.net
Redhold,Zorah,Jessard,zjessard6s@rambler.ru
Alpha,Consuelo,Askaw,caskaw6t@webmd.com
It,Adina,Cuseick,acuseick6u@phoca.cz
Latlux,Petey,Orht,porht6v@soundcloud.com
Fintone,Holden,Tunesi,htunesi6w@live.com
Domainer,Killie,Dungate,kdungate6x@irs.gov
Rank,Mead,Di Maggio,mdimaggio6y@tripod.com
Zoolab,Dav,Worley,dworley6z@reverbnation.com
Namfix,Nessie,Pickover,npickover70@nytimes.com
Asoka,Wendeline,Drescher,wdrescher71@intel.com
Temp,Crin,Jeakins,cjeakins72@slideshare.net
Andalax,Gaye,Aaronson,gaaronson73@tripod.com
Tin,Anatole,Norcutt,anorcutt74@soundcloud.com
Lotlux,Cahra,Dossantos,cdossantos75@ask.com
Flowdesk,Joya,Ferry,jferry76@usa.gov
Zathin,Kristine,Goodlake,kgoodlake77@imdb.com
Namfix,Krishna,Trice,ktrice78@fotki.com
Stringtough,Pennie,Schwander,pschwander79@godaddy.com
Bytecard,Reilly,Ranson,rranson7a@ask.com
Alpha,Berni,Neno,bneno7b@fc2.com
Greenlam,Jemimah,Rusted,jrusted7c@cisco.com
Duobam,George,Fardell,gfardell7d@chronoengine.com
Prodder,Lee,Edmonson,ledmonson7e@ted.com
Andalax,Aleen,Obington,aobington7f@bluehost.com
Tresom,Jillana,Hailwood,jhailwood7g@java.com
Konklux,Perry,Kondratenko,pkondratenko7h@blogspot.com
Latlux,Dewie,Skrzynski,dskrzynski7i@msu.edu
Pannier,Fernande,Beetles,fbeetles7j@technorati.com
Span,Lavinie,Venable,lvenable7k@trellian.com
Voyatouch,Maurie,Willson,mwillson7l@aboutads.info
Gembucket,Heida,Cosslett,hcosslett7m@statcounter.com
Tempsoft,Jessalyn,Highway,jhighway7n@dmoz.org
Asoka,Saxon,Ashforth,sashforth7o@earthlink.net
Domainer,Sadella,Husselbee,shusselbee7p@free.fr
Bigtax,Shani,Mussard,smussard7q@skype.com
Sonair,Bethina,Pearcy,bpearcy7r@reuters.com
Pannier,Laurena,Troughton,ltroughton7s@auda.org.au
Namfix,Tim,Danjoie,tdanjoie7t@cbc.ca
Lotstring,Loy,Osment,losment7u@google.co.jp
Ventosanzap,Stacee,Queree,squeree7v@forbes.com
Fixflex,Aile,Jeffreys,ajeffreys7w@cbc.ca
Zaam-Dox,Guillemette,MacVean,gmacvean7x@geocities.jp
Hatity,Karly,McDuall,kmcduall7y@cocolog-nifty.com
Regrant,Cristionna,Nussgen,cnussgen7z@marketwatch.com
Redhold,Georgianna,Ovenden,govenden80@dailymail.co.uk
Domainer,Tori,Baron,tbaron81@google.es
Bytecard,Bryant,Gibard,bgibard82@t-online.de
Opela,Debbie,Wollacott,dwollacott83@mapquest.com
Ventosanzap,Hayley,Whyler,hwhyler84@epa.gov
Cardify,Isabel,MacGrath,imacgrath85@sourceforge.net
Namfix,Daisey,Blacksland,dblacksland86@1und1.de
Keylex,Tabbie,Haliday,thaliday87@dailymotion.com
Gembucket,Carmelle,Geroldini,cgeroldini88@plala.or.jp
Andalax,Abby,O Mullen,aomullen89@wordpress.org
Tres-Zap,Briney,Dreger,bdreger8a@nasa.gov
Redhold,Joshua,Trengrove,jtrengrove8b@ycombinator.com
Opela,Kevan,Tye,ktye8c@behance.net
Overhold,Jacynth,Hails,jhails8d@narod.ru
Solarbreeze,Zorina,Levington,zlevington8e@cnet.com
Tampflex,Ole,Philps,ophilps8f@army.mil
Flexidy,Atlante,Delea,adelea8g@cyberchimps.com
Otcom,Fara,Lemery,flemery8h@theatlantic.com
Y-Solowarm,Missy,Sammars,msammars8i@admin.ch
Sonair,Roman,Folger,rfolger8j@posterous.com
Gembucket,Niki,Sindle,nsindle8k@hud.gov
Tin,West,Hinckesman,whinckesman8l@zdnet.com
Gembucket,Stacie,Welberry,swelberry8m@va.gov
Ronstring,Zorana,Barradell,zbarradell8n@spotify.com
Treeflex,Ronda,Mackison,rmackison8o@statcounter.com
Tempsoft,Jamal,Huyton,jhuyton8p@pcworld.com
Biodex,Elke,Mountfort,emountfort8q@exblog.jp
Overhold,Andres,Swaton,aswaton8r@wufoo.com
Stim,Tallia,Haycox,thaycox8s@deviantart.com
Overhold,Yardley,Manning,ymanning8t@quantcast.com
Cardify,Chere,Sealy,csealy8u@cmu.edu
Bigtax,Quincey,Tommei,qtommei8v@lulu.com
Trippledex,Alleyn,Cockitt,acockitt8w@usa.gov
Toughjoyfax,Kally,Peeters,kpeeters8x@samsung.com
Namfix,Dolorita,Klehn,dklehn8y@archive.org
Fintone,Joyous,Benettini,jbenettini8z@sbwire.com
Bytecard,Patti,O' Connell,poconnell90@mayoclinic.com
Sonair,Jacenta,Chittey,jchittey91@wix.com
Sub-Ex,Rosalynd,Thoms,rthoms92@state.gov
Konklab,Marcela,Bentje,mbentje93@hatena.ne.jp
Pannier,Antonina,Bradburn,abradburn94@last.fm
Hatity,Sal,Phittiplace,sphittiplace95@cnet.com
Flowdesk,Prisca,McDoual,pmcdoual96@marriott.com
Zamit,Jefferey,Minchinton,jminchinton97@stumbleupon.com
Latlux,Ertha,Iaduccelli,eiaduccelli98@zimbio.com
Duobam,Josy,Ricciardo,jricciardo99@census.gov
Hatity,Wadsworth,Pottes,wpottes9a@microsoft.com
It,Preston,Bifield,pbifield9b@spotify.com
Ventosanzap,Lelah,Bamling,lbamling9c@ask.com
Y-find,Fidelio,Dunkerk,fdunkerk9d@topsy.com
Tresom,Casey,Zecchinelli,czecchinelli9e@altervista.org
Veribet,Tadeas,Morfell,tmorfell9f@harvard.edu
Overhold,Noll,Redmayne,nredmayne9g@google.com.hk
Keylex,Gualterio,Wilden,gwilden9h@sciencedirect.com
Redhold,Brok,Izaac,bizaac9i@ning.com
Job,Hayley,Dyche,hdyche9j@rakuten.co.jp
Hatity,Tammy,Figure,tfigure9k@marriott.com
Mat Lam Tam,Nigel,Adamczewski,nadamczewski9l@gizmodo.com
Tresom,Marcella,Caygill,mcaygill9m@goodreads.com
Toughjoyfax,Emmye,Elwel,eelwel9n@gov.uk
It,Saundra,Hannabuss,shannabuss9o@theatlantic.com
Holdlamis,Dannie,Benes,dbenes9p@paginegialle.it
Andalax,Waring,Walder,wwalder9q@youku.com
Wrapsafe,Merwin,Domino,mdomino9r@economist.com
Fintone,Minnnie,Davinet,mdavinet9s@abc.net.au
Otcom,Aldwin,Ingleby,aingleby9t@mapy.cz
Tin,Jordan,Jervois,jjervois9u@state.gov
Opela,Florri,Lukasik,flukasik9v@blogtalkradio.com
Konklab,Valma,Sansum,vsansum9w@upenn.edu
Transcof,Ervin,Spaven,espaven9x@youtu.be
Y-Solowarm,Stacy,Fouch,sfouch9y@unesco.org
Stronghold,Heloise,Ties,hties9z@webeden.co.uk
Rank,Thor,Whettleton,twhettletona0@ameblo.jp
Bitchip,Bogey,Joinsey,bjoinseya1@answers.com
Bamity,Alejandrina,Pimlock,apimlocka2@reverbnation.com
Rank,Elmore,Poulter,epoultera3@reference.com
Fixflex,Cody,Mayers,cmayersa4@1und1.de
Solarbreeze,Yehudit,Scotchmer,yscotchmera5@princeton.edu
Domainer,Justin,Hargate,jhargatea6@zimbio.com
Prodder,Booth,Girardez,bgirardeza7@npr.org
Biodex,Amerigo,Narramor,anarramora8@amazon.com
Overhold,Cory,Hinckes,chinckesa9@marketwatch.com
Prodder,Melanie,Heintsch,mheintschaa@google.com.br
Subin,Guillemette,Sailor,gsailorab@omniture.com
Solarbreeze,Ximenez,Tripe,xtripeac@aboutads.info
Cardguard,Wheeler,Wales,wwalesad@answers.com
Fintone,Alla,Brideau,abrideauae@sciencedirect.com
Trippledex,Eugene,Forgie,eforgieaf@smh.com.au
Andalax,Dot,Leavold,dleavoldag@hhs.gov
Prodder,Mae,Ickov,mickovah@com.com
Overhold,Bari,Coode,bcoodeai@ask.com
Holdlamis,Randa,Tomankowski,rtomankowskiaj@csmonitor.com
Toughjoyfax,Duky,Back,dbackak@utexas.edu
Biodex,Redford,Arlott,rarlottal@addtoany.com
Cardify,Yance,Megany,ymeganyam@over-blog.com
Konklab,Mandi,Joynson,mjoynsonan@mit.edu
Gembucket,Constantine,Ajam,cajamao@princeton.edu
Flowdesk,Brier,Blasik,bblasikap@tinyurl.com
Daltfresh,Tim,Woodroff,twoodroffaq@goo.ne.jp
Transcof,Ara,Retallack,aretallackar@aol.com
Solarbreeze,Cori,Bellwood,cbellwoodas@xing.com
Subin,Budd,Jellings,bjellingsat@cocolog-nifty.com
Vagram,Britni,Pattisson,bpattissonau@example.com
Voyatouch,Benjamin,Kohrs,bkohrsav@archive.org
Zathin,Annabel,Stainbridge,astainbridgeaw@sourceforge.net
Overhold,Herold,Roden,hrodenax@forbes.com
Stringtough,Matthiew,Sproule,msprouleay@businessweek.com
Andalax,Dian,Moore,dmooreaz@sciencedaily.com
Overhold,Malvin,Desorts,mdesortsb0@yale.edu
Domainer,Kania,Gemeau,kgemeaub1@dagondesign.com
Otcom,Dani,Stirrip,dstirripb2@e-recht24.de
Matsoft,Mallissa,Acum,macumb3@phoca.cz
Stim,Hilarius,Tzar,htzarb4@admin.ch
Tempsoft,Melony,Allnutt,mallnuttb5@zdnet.com
Tres-Zap,Tully,Konig,tkonigb6@cnbc.com
Home Ing,Reggi,Donahue,rdonahueb7@umn.edu
Alphazap,Fonsie,Ord,fordb8@diigo.com
Vagram,Corrianne,Adamo,cadamob9@theatlantic.com
Subin,Sheelagh,Lenham,slenhamba@cocolog-nifty.com
Wrapsafe,Errol,Dubois,eduboisbb@wikimedia.org
Tin,Bunny,Vasyanin,bvasyaninbc@theguardian.com
Fintone,Calla,Skaif,cskaifbd@npr.org
Alphazap,Monika,Vuitton,mvuittonbe@istockphoto.com
Viva,Gretchen,Jenk,gjenkbf@nbcnews.com
Mat Lam Tam,Clerissa,Letty,clettybg@ovh.net
Voltsillam,Sherye,Crathorne,scrathornebh@auda.org.au
Alpha,Devin,Thomton,dthomtonbi@google.it
Transcof,Larry,Turfin,lturfinbj@nhs.uk
Holdlamis,Ivette,Jobbing,ijobbingbk@weebly.com
Latlux,Valery,Maase,vmaasebl@ed.gov
Ronstring,Mano,Healks,mhealksbm@diigo.com
Voyatouch,Timothea,Pheasant,tpheasantbn@un.org
Voltsillam,Gilemette,Oldnall,goldnallbo@qq.com
Quo Lux,Tymon,Pemberton,tpembertonbp@google.nl
Alpha,Nil,Diegan,ndieganbq@globo.com
Cardify,Binny,Chaster,bchasterbr@skyrock.com
Voyatouch,Zechariah,Munford,zmunfordbs@cnbc.com
Cookley,Cristobal,O'Collopy,cocollopybt@imgur.com
Konklab,Allina,Ovett,aovettbu@illinois.edu
Andalax,Philis,Christmas,pchristmasbv@hc360.com
Konklab,Elle,Elsby,eelsbybw@hibu.com
Bitwolf,Cordy,Kitchaside,ckitchasidebx@eepurl.com
Tampflex,Pietro,Durram,pdurramby@washingtonpost.com
Flowdesk,Arie,Crowche,acrowchebz@bloomberg.com
Fintone,Druci,O'Kynsillaghe,dokynsillaghec0@disqus.com
Kanlam,Sadye,Limrick,slimrickc1@elegantthemes.com
Fixflex,Antoni,Roubottom,aroubottomc2@nytimes.com
Asoka,Orran,Crosscombe,ocrosscombec3@artisteer.com
Viva,Mirelle,Liff,mliffc4@4shared.com
Namfix,Garvey,Geering,ggeeringc5@ustream.tv
Home Ing,Adelice,Chasles,achaslesc6@t-online.de
Tin,Gabriela,Ferres,gferresc7@biglobe.ne.jp
Alphazap,Perle,Kilbride,pkilbridec8@nbcnews.com
Bytecard,Chauncey,Butterick,cbutterickc9@soup.io
Voyatouch,Dunn,Rouzet,drouzetca@psu.edu
Bigtax,Ahmad,Broster,abrostercb@merriam-webster.com
Treeflex,Milt,Josefs,mjosefscc@comcast.net
Trippledex,Norton,Toyne,ntoynecd@msu.edu
Voltsillam,Tiphanie,Orteau,torteauce@aboutads.info
Bitchip,Allister,Gawn,agawncf@redcross.org
Sub-Ex,Dorian,Charnick,dcharnickcg@who.int
Aerified,Giovanni,Knighton,gknightonch@cloudflare.com
Quo Lux,Sherill,O'Lenane,solenaneci@acquirethisname.com
Fixflex,Paulita,Elgee,pelgeecj@rediff.com
Wrapsafe,Tore,Maffioletti,tmaffiolettick@php.net
Konklab,Izak,Adnett,iadnettcl@java.com
Daltfresh,Chantal,Lombardo,clombardocm@imgur.com
Solarbreeze,Shandie,Absolon,sabsoloncn@webnode.com
Fintone,Boyce,Joannet,bjoannetco@microsoft.com
Daltfresh,Constantino,Tayspell,ctayspellcp@wordpress.com
Redhold,Karry,Dallander,kdallandercq@hhs.gov
Duobam,Inglebert,Marvelley,imarvelleycr@gnu.org
Biodex,Henrieta,Filoniere,hfilonierecs@xinhuanet.com
Stronghold,Richmond,Dureden,rduredenct@reverbnation.com
Alphazap,Allyce,Dankov,adankovcu@umn.edu
Zathin,Wakefield,Cockhill,wcockhillcv@biblegateway.com
Stronghold,Reggie,Duetschens,rduetschenscw@ft.com
Cookley,Luciano,Conrad,lconradcx@mediafire.com
Home Ing,Ossie,Coat,ocoatcy@mapy.cz
Bitwolf,Jodi,Chinery,jchinerycz@about.me
Fintone,Mortie,Adey,madeyd0@businessweek.com
It,Pyotr,Stickler,psticklerd1@canalblog.com
Job,Jorry,Beernaert,jbeernaertd2@economist.com
Job,Aprilette,Quayle,aquayled3@un.org
Voltsillam,Sigvard,Balassi,sbalassid4@phoca.cz
Andalax,Domingo,Beine,dbeined5@feedburner.com
Fixflex,Thain,Redwood,tredwoodd6@multiply.com
Flexidy,Maximilian,Dawks,mdawksd7@facebook.com
Bigtax,Laure,Egle of Germany,legleofgermanyd8@theguardian.com
Fix San,Scottie,Cowthard,scowthardd9@pen.io
Stringtough,Kayne,Piddington,kpiddingtonda@topsy.com
Regrant,Dominick,Priden,dpridendb@discuz.net
Home Ing,Yancey,Slinn,yslinndc@networksolutions.com
Overhold,Olivier,Moultrie,omoultriedd@tripod.com
Redhold,Cosimo,Edmed,cedmedde@imageshack.us
Namfix,Yoshi,Boutton,ybouttondf@yale.edu
Trippledex,Bethany,Kohtler,bkohtlerdg@wiley.com
Ventosanzap,Niccolo,Micah,nmicahdh@china.com.cn
Temp,Alano,Bellie,abelliedi@storify.com
Zathin,Cornela,Blue,cbluedj@scientificamerican.com
Holdlamis,Aloin,Dufour,adufourdk@illinois.edu
Mat Lam Tam,Caryn,Grey,cgreydl@deliciousdays.com
Solarbreeze,Shay,Standall,sstandalldm@mayoclinic.com
Cardify,Orelie,Baiden,obaidendn@sakura.ne.jp
Otcom,Dru,Lawday,dlawdaydo@instagram.com
Toughjoyfax,Tina,Frugier,tfrugierdp@pcworld.com
Stringtough,Ogdon,Endicott,oendicottdq@independent.co.uk
Y-find,Irita,Pyke,ipykedr@epa.gov
Zoolab,Tamqrah,Woolfitt,twoolfittds@ca.gov
Alphazap,Paul,Savine,psavinedt@ycombinator.com
Wrapsafe,Lennard,Bythell,lbythelldu@examiner.com
Bigtax,Jo-anne,Ruzek,jruzekdv@skype.com
It,Ignacius,Bunting,ibuntingdw@t-online.de
Greenlam,Milena,Libbie,mlibbiedx@google.cn
Zaam-Dox,Wilhelm,Roseveare,wrosevearedy@foxnews.com
It,Bendick,Perin,bperindz@uol.com.br
Daltfresh,Seline,Barstock,sbarstocke0@ted.com
Ventosanzap,Milicent,MacPaike,mmacpaikee1@yahoo.com
Keylex,Berti,Jessop,bjessope2@hc360.com
Matsoft,Brandtr,Bein,bbeine3@sbwire.com
Bamity,Raynard,Zannetti,rzannettie4@ft.com
Domainer,Lucita,Girardetti,lgirardettie5@wiley.com
Duobam,Dore,Whaley,dwhaleye6@amazonaws.com
Redhold,Ramsey,Burgill,rburgille7@symantec.com
Wrapsafe,Selle,Revett,srevette8@domainmarket.com
It,Desiri,Entwisle,dentwislee9@msu.edu
Biodex,Kristian,Clarkson,kclarksonea@cnn.com
Keylex,Sven,Bedinn,sbedinneb@woothemes.com
Zathin,Bone,Summerlad,bsummerladec@lulu.com
Stringtough,Elita,Corhard,ecorharded@china.com.cn
Tempsoft,Stanton,Lemar,slemaree@ucsd.edu
Tin,Florencia,Wyvill,fwyvillef@va.gov
Y-Solowarm,Cicily,Tolputt,ctolputteg@miibeian.gov.cn
Quo Lux,Panchito,Eckery,peckeryeh@dot.gov
Mat Lam Tam,Julia,Heinle,jheinleei@simplemachines.org
Fixflex,Gram,Skellington,gskellingtonej@sakura.ne.jp
Opela,Alix,Scarasbrick,ascarasbrickek@geocities.jp
Cardify,Nikolas,Kielty,nkieltyel@utexas.edu
Pannier,Sandi,Durden,sdurdenem@dell.com
Quo Lux,Goldy,McElvogue,gmcelvogueen@npr.org
Asoka,Bruno,Bishell,bbishelleo@squarespace.com
Veribet,Janaye,Asher,jasherep@goodreads.com
Ronstring,Claribel,Amiranda,camirandaeq@google.pl
Otcom,Alys,Epp,aepper@engadget.com
Rank,Damon,Janssens,djanssenses@youtu.be
Zaam-Dox,Erna,Zanutti,ezanuttiet@people.com.cn
Biodex,Kenyon,Pargiter,kpargitereu@imgur.com
Ventosanzap,Ania,Jessard,ajessardev@yellowbook.com
Flowdesk,Marci,Iannuzzi,miannuzziew@gmpg.org
Namfix,Leroy,Judgkins,ljudgkinsex@godaddy.com
Trippledex,Yetta,Brazier,ybrazierey@umich.edu
Stim,Tine,Rousell,trousellez@state.tx.us
Daltfresh,Carson,Korous,ckorousf0@photobucket.com
Voyatouch,Maximilian,Gouldstone,mgouldstonef1@exblog.jp
Viva,Fidela,Rydings,frydingsf2@4shared.com
Lotlux,Herrick,Dilger,hdilgerf3@wikimedia.org
Bitchip,Ariela,Cassar,acassarf4@imageshack.us
Span,Nat,Woodfin,nwoodfinf5@arstechnica.com
It,Costa,Mattheeuw,cmattheeuwf6@walmart.com
Namfix,Doreen,Alesin,dalesinf7@tripod.com
Y-Solowarm,Miltie,Howley,mhowleyf8@usnews.com
Voyatouch,Gerta,Isakov,gisakovf9@google.de
Lotlux,Cynthea,Kalinowsky,ckalinowskyfa@slashdot.org
Cookley,Michaella,Stainfield,mstainfieldfb@reuters.com
Fix San,Westbrook,Wimbush,wwimbushfc@ucoz.ru
Duobam,Kirstyn,Mardell,kmardellfd@bbc.co.uk
Lotstring,Barbey,Fearns,bfearnsfe@howstuffworks.com
Toughjoyfax,Sanford,Brocket,sbrocketff@bbc.co.uk
Duobam,Holden,Jockle,hjocklefg@cornell.edu
Prodder,Jacklyn,Mainland,jmainlandfh@senate.gov
Bamity,Shanta,Forte,sfortefi@jiathis.com
Tresom,Euell,Coveley,ecoveleyfj@ibm.com
Cardify,Frannie,Sapir,fsapirfk@spotify.com
Konklab,Kalina,Brent,kbrentfl@army.mil
Fixflex,Dudley,Andersch,danderschfm@instagram.com
Lotlux,Simonette,Curtain,scurtainfn@cpanel.net
Lotstring,Murvyn,Mariet,mmarietfo@google.co.jp
Bitchip,Patton,Dowle,pdowlefp@yandex.ru
Asoka,Nico,de Nore,ndenorefq@adobe.com
Span,Levi,Canty,lcantyfr@prnewswire.com
Pannier,Ginnie,Gillford,ggillfordfs@sina.com.cn
Bitchip,Kore,Brocks,kbrocksft@army.mil
Keylex,Nilson,Danahar,ndanaharfu@cnn.com
Solarbreeze,Giovanni,Cordeux,gcordeuxfv@vistaprint.com
Duobam,Meghan,Le Grove,mlegrovefw@youtu.be
Toughjoyfax,Rebekah,Vassano,rvassanofx@hexun.com
Rank,Gwendolin,Van den Velden,gvandenveldenfy@booking.com
Pannier,Dorey,Strowger,dstrowgerfz@sogou.com
Subin,Annamarie,Sellar,asellarg0@tuttocitta.it
Kanlam,Nealson,Sully,nsullyg1@a8.net
Y-find,Germain,Vockins,gvockinsg2@huffingtonpost.com
Y-find,Roth,Thorn,rthorng3@about.me
Andalax,Rowan,Cicchetto,rcicchettog4@tripod.com
Quo Lux,Cos,Coade,ccoadeg5@mozilla.com
Sonsing,Rosalyn,Bertson,rbertsong6@printfriendly.com
Voltsillam,Truda,Moggach,tmoggachg7@samsung.com
Alphazap,Ki,Fawdrie,kfawdrieg8@google.pl
Home Ing,Chrysa,Baignard,cbaignardg9@spotify.com
Sub-Ex,Goddart,Mulvy,gmulvyga@cpanel.net
Tin,Nikolos,Sweetenham,nsweetenhamgb@imdb.com
Redhold,Daniel,MacGray,dmacgraygc@businessinsider.com
Lotstring,Ware,Stutely,wstutelygd@umich.edu
Andalax,Ame,Skea,askeage@tumblr.com
Solarbreeze,Calhoun,Guyton,cguytongf@icio.us
Redhold,Abdel,Bolzmann,abolzmanngg@hexun.com
Gembucket,Estrellita,Mc Gaughey,emcgaugheygh@technorati.com
Tres-Zap,Valina,Smowton,vsmowtongi@prlog.org
Lotlux,Gwenette,Olivo,golivogj@paginegialle.it
Namfix,Kathi,Guichard,kguichardgk@uiuc.edu
Stim,Kenny,Sabater,ksabatergl@ebay.com
Ronstring,Brier,Dowty,bdowtygm@cnn.com
Stronghold,Vivyanne,Neville,vnevillegn@slate.com
Tampflex,Elayne,Junes,ejunesgo@hud.gov
Cardguard,York,Kember,ykembergp@forbes.com
Kanlam,Josephina,Stidever,jstidevergq@cdbaby.com
Cookley,Sisely,Jennions,sjennionsgr@google.nl
Tresom,Reta,Fahey,rfaheygs@51.la
Voyatouch,Adriana,Volkers,avolkersgt@xing.com
Lotlux,Maria,Rahlof,mrahlofgu@cnet.com
Mat Lam Tam,Audre,Showalter,ashowaltergv@gnu.org
Quo Lux,Wandie,Sprakes,wsprakesgw@businesswire.com
Kanlam,Ruby,Jacquot,rjacquotgx@yahoo.co.jp
Domainer,Fax,Warry,fwarrygy@columbia.edu
Treeflex,Monica,Crowe,mcrowegz@tinyurl.com
Span,Micky,Alves,malvesh0@goodreads.com
Ronstring,Cad,Haill,chaillh1@ow.ly
It,Kelley,Danelutti,kdaneluttih2@phoca.cz
Solarbreeze,Thornton,Nannetti,tnannettih3@trellian.com
Vagram,Maryjo,Fawdry,mfawdryh4@mashable.com
Vagram,Nikaniki,Tomaszynski,ntomaszynskih5@google.ca
Job,Aleta,Marqyes,amarqyesh6@yelp.com
Biodex,Gian,Hanscome,ghanscomeh7@twitpic.com
Pannier,Celia,Gealle,cgealleh8@forbes.com
Flexidy,Grete,Bwy,gbwyh9@vk.com
Temp,Derward,Bruhnsen,dbruhnsenha@seesaa.net
Konklab,Madalyn,Bonifazio,mbonifaziohb@123-reg.co.uk
Overhold,Deirdre,Skaife d'Ingerthorpe,dskaifedingerthorpehc@macromedia.com
Sonsing,Charis,Butland,cbutlandhd@usatoday.com
Voyatouch,Laura,Chellingworth,lchellingworthhe@xinhuanet.com
Wrapsafe,Suellen,Caruth,scaruthhf@joomla.org
Veribet,Rebecka,Bridal,rbridalhg@arizona.edu
Kanlam,Dolorita,Midgely,dmidgelyhh@printfriendly.com
Cookley,Kyle,Scrane,kscranehi@mail.ru
Opela,Constantine,Iddiens,ciddienshj@webeden.co.uk
Prodder,Annis,Babalola,ababalolahk@google.cn
Bitwolf,Katrine,McGuffog,kmcguffoghl@miitbeian.gov.cn
It,Anabelle,Romera,aromerahm@disqus.com
Job,Lydie,Ferschke,lferschkehn@canalblog.com
Trippledex,Raimund,Baum,rbaumho@imageshack.us
Alpha,Lonnie,Wheeldon,lwheeldonhp@bloglines.com
Span,Rooney,Redmile,rredmilehq@nature.com
Ronstring,Gabrielle,Marian,gmarianhr@eventbrite.com
Y-Solowarm,Nerita,Richardin,nrichardinhs@gmpg.org
Y-Solowarm,Georgia,Cherry,gcherryht@sohu.com
Zathin,Gabriel,De Giorgio,gdegiorgiohu@bloglovin.com
Regrant,Lynn,Moscone,lmosconehv@infoseek.co.jp
Stim,Neila,Gillopp,ngillopphw@angelfire.com
Domainer,Gilbert,Watkin,gwatkinhx@sitemeter.com
Bitchip,Jdavie,Joy,jjoyhy@sina.com.cn
Bitwolf,Griswold,Cornelius,gcorneliushz@sakura.ne.jp
Fintone,Keith,Iacoviello,kiacovielloi0@slideshare.net
Veribet,Philippa,Flintoff,pflintoffi1@mlb.com
Hatity,Arlana,Freyn,afreyni2@hp.com
Daltfresh,Yetty,Etheridge,yetheridgei3@ftc.gov
Namfix,Torrence,Zimmermanns,tzimmermannsi4@home.pl
Span,Philly,Figura,pfigurai5@histats.com
Quo Lux,Caryl,Tarpey,ctarpeyi6@parallels.com
Bitchip,Janeen,Sherrin,jsherrini7@imdb.com
Konklab,Evvie,Jobey,ejobeyi8@canalblog.com
Namfix,Bria,Lantaff,blantaffi9@e-recht24.de
Temp,Lynnette,Radage,lradageia@sakura.ne.jp
Trippledex,Granthem,Glaves,gglavesib@lycos.com
Subin,Ariella,Esser,aesseric@yale.edu
Vagram,Clay,Cleverley,ccleverleyid@163.com
Namfix,Jae,Mitchenson,jmitchensonie@pinterest.com
Tin,Saba,Medina,smedinaif@shop-pro.jp
Lotstring,Arv,Cobbledick,acobbledickig@newyorker.com
Hatity,Anthony,Orcott,aorcottih@ask.com
Keylex,Dennie,Roke,drokeii@washington.edu
Fix San,Pearce,Guiton,pguitonij@reverbnation.com
Treeflex,Calli,Peartree,cpeartreeik@ow.ly
Voltsillam,Jeni,Butten,jbuttenil@xrea.com
Rank,Corrine,Mullis,cmullisim@scribd.com
Trippledex,Rickert,Pideon,rpideonin@disqus.com
Stim,Emylee,Paxman,epaxmanio@aboutads.info
Stim,Gweneth,Axell,gaxellip@google.com
Opela,Leese,Mendus,lmendusiq@seesaa.net
Trippledex,Meredithe,Huston,mhustonir@google.it
Y-find,Holly-anne,Addlestone,haddlestoneis@walmart.com
Biodex,Lyndsey,Washbrook,lwashbrookit@amazonaws.com
Cookley,Caro,Bacon,cbaconiu@alexa.com
Hatity,Dex,Berth,dberthiv@gizmodo.com
Pannier,Benton,Mynott,bmynottiw@tumblr.com
Aerified,Ann,Dumphry,adumphryix@virginia.edu
Lotstring,Rickie,Pinnere,rpinnereiy@irs.gov
Lotstring,Virgie,Crosgrove,vcrosgroveiz@digg.com
Bigtax,Ophelie,Boyat,oboyatj0@businesswire.com
Rank,Marney,Christofe,mchristofej1@taobao.com
Lotstring,Nikolas,Breed,nbreedj2@opensource.org
Transcof,Andrea,Bech,abechj3@abc.net.au
Job,Mickey,Coste,mcostej4@europa.eu
Vagram,Lisette,Durbridge,ldurbridgej5@fc2.com
Daltfresh,Caryl,Lowes,clowesj6@chron.com
Gembucket,Kirsteni,Buesnel,kbuesnelj7@dell.com
Subin,Marlane,Vondracek,mvondracekj8@craigslist.org
Namfix,Ara,Farris,afarrisj9@sogou.com
Zathin,Frederich,Phillcock,fphillcockja@domainmarket.com
Subin,Zebulon,Golde,zgoldejb@wunderground.com
Toughjoyfax,Torrance,Lukasik,tlukasikjc@barnesandnoble.com
Subin,Heywood,Smallpiece,hsmallpiecejd@blog.com
Sonair,Alison,Longhi,alonghije@icio.us
It,Darla,McClaren,dmcclarenjf@oakley.com
Flowdesk,Molly,Wilshaw,mwilshawjg@microsoft.com
Zathin,Farrell,Coffey,fcoffeyjh@alexa.com
Wrapsafe,Lukas,Ingarfield,lingarfieldji@yellowpages.com
Toughjoyfax,Hanan,Bryning,hbryningjj@sciencedirect.com
Zoolab,Florinda,Bunnell,fbunnelljk@pcworld.com
Redhold,Faun,Houlridge,fhoulridgejl@angelfire.com
Tres-Zap,Nikolai,D'Alesio,ndalesiojm@techcrunch.com
Rank,Lief,Friend,lfriendjn@eepurl.com
Trippledex,Ardyce,Orfeur,aorfeurjo@twitpic.com
Temp,Allard,Bartleman,abartlemanjp@fotki.com
Sub-Ex,Henderson,Maw,hmawjq@usda.gov
Latlux,Leslie,Hencke,lhenckejr@census.gov
Zathin,Lacee,Keay,lkeayjs@si.edu
Overhold,Guillema,Wannell,gwannelljt@slate.com
Regrant,Leora,Hatterslay,lhatterslayju@prnewswire.com
Stronghold,Bobbee,Mylan,bmylanjv@cocolog-nifty.com
Latlux,Boyd,Newbigging,bnewbiggingjw@cafepress.com
Sub-Ex,George,Guyonnet,gguyonnetjx@taobao.com
Biodex,Claudia,Gothup,cgothupjy@tripod.com
Transcof,Hardy,Jurn,hjurnjz@google.co.jp
Daltfresh,Yvon,Cathcart,ycathcartk0@simplemachines.org
Daltfresh,Carson,Summerly,csummerlyk1@mit.edu
Holdlamis,Mendie,Spray,msprayk2@youtu.be
Cardguard,Babara,Deem,bdeemk3@sciencedirect.com
Stringtough,Christoper,Telfer,ctelferk4@archive.org
Keylex,Caron,Attwell,cattwellk5@paginegialle.it
Asoka,Salvatore,Castleman,scastlemank6@china.com.cn
Bamity,Bail,Ticic,bticick7@indiegogo.com
Gembucket,Saw,Waszczyk,swaszczykk8@ustream.tv
Viva,Conny,McGonagle,cmcgonaglek9@mozilla.org
Opela,Ashia,Myrtle,amyrtleka@opensource.org
Quo Lux,Angelina,Toffolini,atoffolinikb@miitbeian.gov.cn
Fintone,Umeko,Chatenier,uchatenierkc@flickr.com
Opela,Kattie,Benny,kbennykd@163.com
Prodder,Heall,Loftie,hloftieke@disqus.com
Y-Solowarm,Augie,Meneux,ameneuxkf@japanpost.jp
Y-find,Horton,Duchesne,hduchesnekg@redcross.org
Bytecard,Abrahan,Easson,aeassonkh@privacy.gov.au
Cardify,Delphine,Colquite,dcolquiteki@businessweek.com
Viva,Clay,Pullar,cpullarkj@amazon.co.jp
Cardguard,Nissa,Hawe,nhawekk@loc.gov
Sonsing,Johnny,Leatt,jleattkl@nydailynews.com
Redhold,Candi,Marcinkus,cmarcinkuskm@answers.com
Tempsoft,Shalom,Alcido,salcidokn@theatlantic.com
Stim,Rona,Brewett,rbrewettko@mapy.cz
Zontrax,Aubine,Armiger,aarmigerkp@mozilla.com
Voyatouch,Linda,Towns,ltownskq@ameblo.jp
Daltfresh,Julienne,Chamberlain,jchamberlainkr@cloudflare.com
Ventosanzap,Abrahan,Allain,aallainks@tumblr.com
Latlux,Eveline,Dwyer,edwyerkt@delicious.com
Y-find,Linoel,MacDearmid,lmacdearmidku@blogspot.com
Cardify,Kevina,Jouannisson,kjouannissonkv@howstuffworks.com
Cookley,Bel,Peaden,bpeadenkw@qq.com
Stringtough,Juliet,Wildgoose,jwildgoosekx@bloomberg.com
Flexidy,Rozina,Blanque,rblanqueky@nps.gov
Viva,Hedi,Harriss,hharrisskz@google.pl
Rank,Tirrell,Kimbury,tkimburyl0@skyrock.com
Flowdesk,Merry,Pearse,mpearsel1@woothemes.com
Vagram,Barbe,Duckhouse,bduckhousel2@tamu.edu
Keylex,Margette,Havile,mhavilel3@blogtalkradio.com
Job,Kerrie,Moxson,kmoxsonl4@goo.ne.jp
Span,Eulalie,Sange,esangel5@shinystat.com
Tampflex,Langsdon,Freebury,lfreeburyl6@geocities.com
Biodex,Zolly,Lurcock,zlurcockl7@craigslist.org
Zamit,Avram,Call,acalll8@mit.edu
Ronstring,Paddy,Basten,pbastenl9@desdev.cn
Subin,Yulma,Piggot,ypiggotla@yahoo.co.jp
Bitchip,Thorndike,Inott,tinottlb@state.gov
Lotlux,Glynn,Djekovic,gdjekoviclc@comcast.net
Quo Lux,Barbey,Langrick,blangrickld@redcross.org
Fixflex,Dorice,Andrez,dandrezle@jimdo.com
Zathin,Jami,Fulk,jfulklf@plala.or.jp
Span,Torry,MacGilmartin,tmacgilmartinlg@people.com.cn
Greenlam,Reinhard,Flexman,rflexmanlh@cocolog-nifty.com
Bigtax,Fran,Youngman,fyoungmanli@bigcartel.com
Cardify,Pepe,Hewkin,phewkinlj@accuweather.com
Flexidy,Bondon,Brosh,bbroshlk@loc.gov
Fix San,Thelma,Kalderon,tkalderonll@admin.ch
Vagram,Shelden,Daldry,sdaldrylm@youtube.com
Alpha,Dario,Prawle,dprawleln@goo.gl
Toughjoyfax,Fee,Creese,fcreeselo@cornell.edu
Cookley,Floris,Vequaud,fvequaudlp@latimes.com
Y-Solowarm,Rodrique,Andriveaux,randriveauxlq@jimdo.com
Quo Lux,Royall,Dootson,rdootsonlr@i2i.jp
Veribet,Rosella,Realff,rrealffls@miibeian.gov.cn
Konklab,Mikaela,Tineman,mtinemanlt@bizjournals.com
Tin,Bryna,Wittey,bwitteylu@marketwatch.com
Kanlam,Penn,Dionsetto,pdionsettolv@jugem.jp
Asoka,Olenolin,DelaField,odelafieldlw@google.com.br
Bigtax,Sonnie,Jeays,sjeayslx@jiathis.com
Fintone,Hendrick,Deeves,hdeevesly@biblegateway.com
Solarbreeze,Janeta,Dawltrey,jdawltreylz@narod.ru
Latlux,Derk,Switzer,dswitzerm0@sphinn.com
Andalax,Sigvard,Gaitskell,sgaitskellm1@networkadvertising.org
Zathin,Rica,Nolleau,rnolleaum2@npr.org
Quo Lux,Tucky,Griniov,tgriniovm3@merriam-webster.com
Wrapsafe,Maribel,Breakwell,mbreakwellm4@slideshare.net
Y-Solowarm,Dorian,Gayter,dgayterm5@hostgator.com
Keylex,Greta,Brinson,gbrinsonm6@cpanel.net
Voyatouch,Laurice,Dongall,ldongallm7@tripadvisor.com
Viva,Kerstin,Plumstead,kplumsteadm8@barnesandnoble.com
Ronstring,Ursala,Gaukrodge,ugaukrodgem9@slashdot.org
Keylex,Ansel,Cheak,acheakma@typepad.com
Tresom,Merwyn,Domegan,mdomeganmb@csmonitor.com
Voltsillam,Ailene,Trudgeon,atrudgeonmc@foxnews.com
Greenlam,Isa,Collister,icollistermd@jiathis.com
Zathin,Gonzales,McIsaac,gmcisaacme@ycombinator.com
Sonsing,Luce,Monger,lmongermf@hibu.com
Toughjoyfax,Gayle,Eliot,geliotmg@salon.com
Job,Raffarty,Ciani,rcianimh@bloglines.com
Redhold,Roi,Hidderley,rhidderleymi@nytimes.com
Zathin,Sharon,Morrad,smorradmj@dyndns.org
Sonsing,Tamiko,Coyne,tcoynemk@uol.com.br
Flexidy,Elvis,Himpson,ehimpsonml@bandcamp.com
Voyatouch,Donall,Comiskey,dcomiskeymm@alibaba.com
Kanlam,Beau,Tookill,btookillmn@list-manage.com
Bigtax,Tildy,Paulo,tpaulomo@microsoft.com
Stringtough,Mehetabel,Champion,mchampionmp@washington.edu
Voltsillam,Ignace,Girodier,igirodiermq@earthlink.net
Tresom,Jobyna,Yeld,jyeldmr@merriam-webster.com
Voltsillam,Jilly,Hyett,jhyettms@nps.gov
Bitwolf,Emmott,Ramsier,eramsiermt@independent.co.uk
Gembucket,Kendall,Spillman,kspillmanmu@smugmug.com
Bytecard,Jacintha,Johncey,jjohnceymv@pcworld.com
Duobam,Kizzee,Larmuth,klarmuthmw@shutterfly.com
Bamity,Dilan,Lindro,dlindromx@ebay.co.uk
Flexidy,Curcio,Stranks,cstranksmy@github.io
Konklux,Tony,Medway,tmedwaymz@mapquest.com
Lotstring,Phaidra,Fiorentino,pfiorentinon0@qq.com
Ventosanzap,Halie,Muldownie,hmuldownien1@alibaba.com
Cardify,Debora,Glaze,dglazen2@dailymotion.com
Fixflex,Hersch,Gutherson,hguthersonn3@pagesperso-orange.fr
Gembucket,Toddie,Sallans,tsallansn4@sfgate.com
Voltsillam,Padgett,Neachell,pneachelln5@symantec.com
Overhold,Honor,Curcher,hcurchern6@taobao.com
Konklab,Ethelind,Carberry,ecarberryn7@columbia.edu
Lotlux,Bonni,Harbottle,bharbottlen8@wsj.com
Wrapsafe,Kaleb,MacFaell,kmacfaelln9@istockphoto.com
Veribet,Lorettalorna,Lodovichi,llodovichina@washington.edu
Zamit,Darell,Corby,dcorbynb@toplist.cz
Zaam-Dox,Akim,Olorenshaw,aolorenshawnc@yellowbook.com
Tin,Jerry,Aysh,jayshnd@admin.ch
Greenlam,Sully,Morville,smorvillene@fastcompany.com
Pannier,Jedidiah,Kopecka,jkopeckanf@wsj.com
Cardify,Laureen,Threader,lthreaderng@github.io
Namfix,Pembroke,Jaan,pjaannh@google.co.uk
Lotlux,Drucill,Thying,dthyingni@gizmodo.com
Tampflex,Lazar,Sampson,lsampsonnj@theglobeandmail.com
Redhold,Kendall,Imlaw,kimlawnk@moonfruit.com
Y-Solowarm,Elonore,Broseman,ebrosemannl@nih.gov
Bitwolf,Vincent,Ferrige,vferrigenm@upenn.edu
Greenlam,Taddeusz,Loweth,tlowethnn@naver.com
Home Ing,Kellia,Ribeiro,kribeirono@naver.com
Kanlam,Adham,Lackner,alacknernp@themeforest.net
Gembucket,Celia,Ennals,cennalsnq@twitter.com
Sub-Ex,Levin,Vanini,lvanininr@japanpost.jp
Rank,Vinita,Beazley,vbeazleyns@purevolume.com
Alphazap,Florrie,Willstrop,fwillstropnt@prlog.org
Tresom,Wilfrid,Gero,wgeronu@nytimes.com
Bitchip,Jolynn,Caudwell,jcaudwellnv@japanpost.jp
Cardify,Chandler,Gilcrist,cgilcristnw@washington.edu
Overhold,Ted,Elan,telannx@liveinternet.ru
It,Blane,Millea,bmilleany@hao123.com
Y-Solowarm,Milena,Daynter,mdaynternz@instagram.com
Redhold,Violette,Grzesiak,vgrzesiako0@tinypic.com
Bytecard,Sherrie,Gantlett,sgantletto1@photobucket.com
Duobam,Bobby,Draisey,bdraiseyo2@flickr.com
Bigtax,Carly,Ancliffe,cancliffeo3@fda.gov
Redhold,Debbi,Blucher,dbluchero4@chronoengine.com
Stronghold,Deeyn,Oloshkin,doloshkino5@addtoany.com
Ventosanzap,Orella,Cramond,ocramondo6@dagondesign.com
Subin,Phaedra,Cristofolini,pcristofolinio7@t.co
Transcof,Kristine,Espinola,kespinolao8@psu.edu
Cookley,Abelard,Matt,amatto9@google.fr
Cookley,Helyn,Langman,hlangmanoa@booking.com
Greenlam,Buck,Severs,bseversob@java.com
Flowdesk,Rey,Antonsson,rantonssonoc@nps.gov
Y-Solowarm,Melina,Bougen,mbougenod@cdbaby.com
Bitwolf,Korrie,Jonuzi,kjonuzioe@qq.com
Wrapsafe,Shirl,Dilloway,sdillowayof@reuters.com
Zathin,Ilise,Cornill,icornillog@amazon.co.jp
Konklux,Catlin,Hellcat,chellcatoh@opensource.org
Tresom,Rolph,Morillas,rmorillasoi@phoca.cz
Fixflex,Vilma,Riccioppo,vriccioppooj@weebly.com
Bamity,Persis,Alejandro,palejandrook@php.net
Pannier,Farr,Balstone,fbalstoneol@spiegel.de
Bitwolf,Starlene,Nellis,snellisom@theguardian.com
Mat Lam Tam,Burtie,Doerffer,bdoerfferon@cdc.gov
Viva,Marlyn,Vaines,mvainesoo@theglobeandmail.com
Stringtough,Normy,Litherborough,nlitherboroughop@paypal.com
Job,Cindee,Baelde,cbaeldeoq@npr.org
Gembucket,Melodie,Hairesnape,mhairesnapeor@businessinsider.com
Tempsoft,Marty,McCart,mmccartos@scribd.com
Fintone,Ned,Waylen,nwaylenot@home.pl
Bitwolf,Kelcey,Alessandone,kalessandoneou@hibu.com
It,Alverta,Probets,aprobetsov@yellowbook.com
Zaam-Dox,Devora,Joburn,djoburnow@fc2.com
Treeflex,Osgood,Lanchbury,olanchburyox@hc360.com
Prodder,Lou,Higgan,lhigganoy@ehow.com
Asoka,Yettie,Rossbrook,yrossbrookoz@histats.com
Fintone,Branden,Swenson,bswensonp0@cnn.com
Solarbreeze,Hollis,Wabb,hwabbp1@merriam-webster.com
Zaam-Dox,Mireille,Kiddye,mkiddyep2@opera.com
Voyatouch,Henderson,Welsh,hwelshp3@mtv.com
Holdlamis,Genia,Greystoke,ggreystokep4@1und1.de
Fintone,Saraann,Trivett,strivettp5@umich.edu
Asoka,Ophelie,Aartsen,oaartsenp6@sfgate.com
Flexidy,Almeda,Pikhno,apikhnop7@apache.org
Flexidy,Dinnie,Woodyear,dwoodyearp8@amazon.co.uk
Tresom,Rozina,Paulino,rpaulinop9@blogspot.com
Veribet,Hiram,Mulmuray,hmulmuraypa@fastcompany.com
Stringtough,Graehme,Neachell,gneachellpb@hc360.com
Daltfresh,Juliet,Gommowe,jgommowepc@sbwire.com
Alpha,Carree,Fairbrother,cfairbrotherpd@alexa.com
Alphazap,Austin,Timny,atimnype@so-net.ne.jp
Y-find,Ron,Becom,rbecompf@xrea.com
Treeflex,Gregorio,Enticott,genticottpg@myspace.com
Cookley,Tani,Siret,tsiretph@vinaora.com
Tempsoft,Gradeigh,Ferby,gferbypi@cornell.edu
Flexidy,Edwina,Dauby,edaubypj@liveinternet.ru
Alphazap,Giusto,Murrigan,gmurriganpk@ft.com
Domainer,Balduin,Beckford,bbeckfordpl@fastcompany.com
Asoka,Ogden,Boler,obolerpm@opera.com
Zaam-Dox,Anatola,Malster,amalsterpn@ebay.co.uk
Tempsoft,Agatha,Bestar,abestarpo@sphinn.com
Zamit,Kerianne,Mingaye,kmingayepp@nifty.com
Transcof,Sherye,Rattenbury,srattenburypq@harvard.edu
Tres-Zap,Lishe,Atto,lattopr@buzzfeed.com
Tampflex,Radcliffe,Farlamb,rfarlambps@webs.com
Redhold,Frederik,Montrose,fmontrosept@omniture.com
Alpha,Rowe,Coke,rcokepu@google.nl
Wrapsafe,Maure,Paradin,mparadinpv@yahoo.com
Prodder,Karlis,Rackam,krackampw@csmonitor.com
Pannier,Shanan,Carette,scarettepx@pagesperso-orange.fr
Lotstring,Ludovico,Lynagh,llynaghpy@ibm.com
Andalax,Curran,Schroder,cschroderpz@example.com
Tin,Daveen,Fitchen,dfitchenq0@mozilla.com
Sonsing,Greggory,Redwood,gredwoodq1@free.fr
Toughjoyfax,Reuben,Coppen,rcoppenq2@dot.gov
Otcom,Myrlene,Lorkings,mlorkingsq3@parallels.com
Zamit,Cobby,Wollacott,cwollacottq4@php.net
Home Ing,Willy,Callingham,wcallinghamq5@mit.edu
Overhold,Tommi,Asel,taselq6@joomla.org
Stronghold,Starlene,Shottin,sshottinq7@dot.gov
Bitwolf,Jeremias,Heliot,jheliotq8@youku.com
Sonair,Carlin,Gemson,cgemsonq9@bluehost.com
Voyatouch,Chlo,Nanuccioi,cnanuccioiqa@alexa.com
Treeflex,Patty,Chesnay,pchesnayqb@accuweather.com
Hatity,Wittie,Colebrook,wcolebrookqc@blogger.com
Kanlam,Mariele,Saunier,msaunierqd@amazon.com
Konklux,Jacquetta,Herries,jherriesqe@sohu.com
Ronstring,Fonzie,Leas,fleasqf@telegraph.co.uk
Aerified,Alyss,Amphlett,aamphlettqg@harvard.edu
Flowdesk,Myron,Yong,myongqh@soup.io
Daltfresh,Celisse,Ramm,crammqi@a8.net
Zaam-Dox,Kai,Splaven,ksplavenqj@cpanel.net
Cardify,Rockey,Dudliston,rdudlistonqk@nba.com
Keylex,Bebe,Pretious,bpretiousql@aol.com
Tempsoft,Brody,Corah,bcorahqm@geocities.jp
Solarbreeze,Nat,Szimoni,nszimoniqn@constantcontact.com
Latlux,Lion,Rumble,lrumbleqo@g.co
Lotstring,Dreddy,Berdale,dberdaleqp@mtv.com
Bitchip,Tracey,Linck,tlinckqq@bravesites.com
Holdlamis,Stavros,Adrien,sadrienqr@blinklist.com
Temp,Bax,Mulford,bmulfordqs@statcounter.com
Keylex,Dido,Trippitt,dtrippittqt@google.com
Greenlam,Briant,Chelam,bchelamqu@dmoz.org
Mat Lam Tam,Ester,Kitcat,ekitcatqv@phoca.cz
Duobam,Koressa,Coffin,kcoffinqw@engadget.com
Biodex,Ronny,Hargreaves,rhargreavesqx@unc.edu
Lotlux,Arnaldo,Bastistini,abastistiniqy@creativecommons.org
Bytecard,Sheryl,Kingsland,skingslandqz@canalblog.com
Konklab,Travis,Whitcombe,twhitcomber0@gov.uk
Regrant,Gustavus,Ingry,gingryr1@foxnews.com
Biodex,Quintilla,Harle,qharler2@csmonitor.com
Otcom,Micheal,Elsmore,melsmorer3@redcross.org
Aerified,Isa,Bruhnicke,ibruhnicker4@wiley.com
Zoolab,Aloin,Lamdin,alamdinr5@seesaa.net
Asoka,Brnaby,Oram,boramr6@macromedia.com
Stim,Reade,Oates,roatesr7@phpbb.com
Domainer,Daffie,Palombi,dpalombir8@imgur.com
Veribet,Ferrell,Whichelow,fwhichelowr9@devhub.com
Transcof,Rodd,Kettles,rkettlesra@unicef.org
Tin,Brucie,Dungee,bdungeerb@sbwire.com
Zoolab,Cynthea,Lofthouse,clofthouserc@washingtonpost.com
Aerified,Bamby,Kleine,bkleinerd@ameblo.jp
Zaam-Dox,Sampson,Barnett,sbarnettre@statcounter.com
Mat Lam Tam,Rickie,Rossi,rrossirf@timesonline.co.uk
Rank,Davey,Zanazzi,dzanazzirg@fda.gov
Bytecard,Lillian,Kindred,lkindredrh@tripod.com
Opela,Marve,Pattle,mpattleri@home.pl
Keylex,Melvin,Bettleson,mbettlesonrj@netscape.com
Sonsing,Jemmy,McKennan,jmckennanrk@cloudflare.com
Duobam,Fania,Goulborn,fgoulbornrl@time.com
Tampflex,Cello,Fillery,cfilleryrm@arizona.edu
Subin,Edmund,Linke,elinkern@mapy.cz
Konklux,Kayla,Patey,kpateyro@rediff.com
Latlux,Brianne,Baldassi,bbaldassirp@cnet.com
Opela,Ethelyn,Chate,echaterq@shop-pro.jp
Alpha,Jody,Lamberts,jlambertsrr@japanpost.jp
